Country,Country_Name,16-Feb,17-Feb,18-Feb,19-Feb,20-Feb,21-Feb,22-Feb,23-Feb,24-Feb,25-Feb,26-Feb,27-Feb,28-Feb,29-Feb,1-Mar,2-Mar,3-Mar,4-Mar,5-Mar,6-Mar,7-Mar,8-Mar,9-Mar,10-Mar,11-Mar,12-Mar,13-Mar,14-Mar,15-Mar,16-Mar,17-Mar,18-Mar,19-Mar,20-Mar,21-Mar,22-Mar,23-Mar,24-Mar,25-Mar,26-Mar,27-Mar,28-Mar,29-Mar,30-Mar,31-Mar,1-Apr,2-Apr,3-Apr,4-Apr,5-Apr,6-Apr,7-Apr,8-Apr,9-Apr
AF,Afghanistan,0,0,0,0,0,0,0,0,0,1,1,1,1,1,1,1,1,1,1,1,1,4,4,4,4,7,7,7,10,16,21,22,22,22,24,24,40,42,74,80,80,106,114,114,166,192,235,269,270,299,337,367,423,423
AL,Albania,0,0,0,0,0,0,0,0,0,0,0,0,0,0,0,0,0,0,0,0,0,0,2,2,10,10,23,33,38,42,51,55,59,70,70,76,89,123,146,174,186,197,212,223,223,243,277,277,333,333,377,377,400,400
DZ,Algeria,0,0,0,0,0,0,0,0,0,0,1,1,1,1,1,1,5,5,12,12,17,17,20,20,20,25,25,26,37,49,60,60,72,82,94,94,201,231,264,264,305,367,409,454,511,584,847,986,986,1251,1251,1423,1468,1468
AD,Andorra,0,0,0,0,0,0,0,0,0,0,0,0,0,0,0,0,1,1,1,1,1,1,1,1,1,1,1,2,2,2,14,16,39,75,75,88,113,164,188,213,231,289,321,341,370,376,396,429,442,466,523,540,551,551
AO,Angola,0,0,0,0,0,0,0,0,0,0,0,0,0,0,0,0,0,0,0,0,0,0,0,0,0,0,0,0,0,0,0,0,0,0,0,2,2,2,2,2,2,2,2,2,2,7,8,8,10,10,14,16,17,17
AI,Anguilla,0,0,0,0,0,0,0,0,0,0,0,0,0,0,0,0,0,0,0,0,0,0,0,0,0,0,0,0,0,0,0,0,0,0,0,0,0,0,0,0,2,2,2,2,2,2,2,2,3,3,3,3,3,3
AG,Antigua and Barbuda,0,0,0,0,0,0,0,0,0,0,0,0,0,0,0,0,0,0,0,0,0,0,0,0,0,0,0,1,1,1,1,1,1,1,1,1,1,1,3,3,3,7,7,7,7,7,7,7,7,7,7,15,15,15
AR,Argentina,0,0,0,0,0,0,0,0,0,0,0,0,0,0,0,0,0,1,1,1,2,9,12,12,17,19,31,34,45,56,65,79,97,97,128,158,225,266,301,387,502,589,690,745,820,966,1054,1133,1265,1353,1451,1554,1628,1628
AM,Armenia,0,0,0,0,0,0,0,0,0,0,0,0,0,0,0,1,1,1,1,1,1,1,1,1,1,1,1,8,8,26,52,52,84,122,136,160,190,235,265,290,329,372,424,482,482,532,571,640,736,746,746,833,877,877
AW,Aruba,0,0,0,0,0,0,0,0,0,0,0,0,0,0,0,0,0,0,0,0,0,0,0,0,0,0,0,0,0,0,2,4,4,5,5,5,8,9,12,19,19,28,46,46,50,55,55,60,62,64,64,64,71,71
AU,Australia,15,15,15,15,15,17,21,22,22,22,23,23,23,24,25,27,33,43,57,57,62,74,77,92,112,122,140,197,298,298,375,510,565,709,873,1081,1396,1709,2252,2799,2985,3635,3966,3966,4359,4707,4976,5224,5454,5635,5744,5844,5956,5956
AT,Austria,0,0,0,0,0,0,0,0,0,0,2,2,4,5,10,10,18,24,37,47,66,102,112,131,182,302,361,504,800,959,1132,1471,1646,1843,2649,3024,3631,4486,5282,5888,7029,7697,8291,8813,9618,10182,10711,11129,11525,11766,11983,12297,12640,12640
AZ,Azerbaijan,0,0,0,0,0,0,0,0,0,0,0,0,0,0,3,3,3,3,3,3,9,9,9,9,9,9,11,11,19,21,21,34,34,34,44,53,65,72,87,93,122,147,164,190,273,298,359,400,443,512,584,641,717,717
BS,Bahamas,0,0,0,0,0,0,0,0,0,0,0,0,0,0,0,0,0,0,0,0,0,0,0,0,0,0,0,0,0,0,1,1,3,3,4,4,4,4,4,5,5,9,10,10,14,14,15,21,24,24,28,29,33,33
BH,Bahrain,0,0,0,0,0,0,0,0,0,8,26,33,33,38,40,47,49,49,49,49,49,56,79,109,110,189,195,210,211,221,221,237,256,269,285,306,337,377,392,419,458,473,476,515,515,567,569,643,673,688,700,756,811,821
BD,Bangladesh,0,0,0,0,0,0,0,0,0,0,0,0,0,0,0,0,0,0,0,0,0,0,3,3,3,3,3,3,3,5,8,10,17,17,17,24,27,33,39,39,48,48,48,49,49,54,54,56,61,70,88,123,164,218
BB,Barbados,0,0,0,0,0,0,0,0,0,0,0,0,0,0,0,0,0,0,0,0,0,0,0,0,0,0,0,0,0,0,0,2,2,2,5,5,5,17,18,18,18,24,24,26,33,33,33,45,45,51,51,56,60,60
BY,Belarus,0,0,0,0,0,0,0,0,0,0,0,0,1,1,1,1,1,1,6,6,6,6,6,6,9,12,12,21,21,36,36,46,46,46,57,76,76,81,81,86,86,94,94,152,152,152,192,254,254,440,562,700,861,861
BE,Belgium,1,1,1,1,1,1,1,1,1,1,1,1,1,1,1,1,8,8,23,50,109,169,200,239,267,314,314,599,689,1085,1085,1486,1486,1795,2257,2815,3401,3743,4269,4937,6235,7284,9134,10836,11899,12775,13964,15348,16770,18431,19691,20814,22194,22194
BZ,Belize,0,0,0,0,0,0,0,0,0,0,0,0,0,0,0,0,0,0,0,0,0,0,0,0,0,0,0,0,0,0,0,0,0,0,0,0,0,1,1,2,2,2,2,2,3,3,3,3,3,4,5,7,7,7
BJ,Benin,0,0,0,0,0,0,0,0,0,0,0,0,0,0,0,0,0,0,0,0,0,0,0,0,0,0,0,0,0,0,1,1,1,2,2,2,2,5,5,5,6,6,6,6,6,9,13,13,13,13,22,23,26,26
BM,Bermuda,0,0,0,0,0,0,0,0,0,0,0,0,0,0,0,0,0,0,0,0,0,0,0,0,0,0,0,0,0,0,0,0,2,2,2,2,2,6,6,7,7,15,17,22,22,27,32,32,35,35,37,37,39,39
BT,Bhutan,0,0,0,0,0,0,0,0,0,0,0,0,0,0,0,0,0,0,0,1,1,1,1,1,1,1,1,1,1,1,1,1,1,2,2,2,2,2,2,2,3,3,3,4,4,4,4,5,5,5,5,5,5,5
BO,Bolivia (Plurinational State of),0,0,0,0,0,0,0,0,0,0,0,0,0,0,0,0,0,0,0,0,0,0,0,0,2,2,3,3,3,11,11,12,12,15,16,19,24,27,28,39,39,61,74,74,97,107,115,123,132,139,157,183,194,194
BQ,"Bonaire, Sint Eustatius and Saba",0,0,0,0,0,0,0,0,0,0,0,0,0,0,0,0,0,0,0,0,0,0,0,0,0,0,0,0,0,0,0,0,0,0,0,0,0,0,0,0,0,0,0,0,0,0,0,0,2,2,2,2,2,2
BA,Bosnia and Herzegovina,0,0,0,0,0,0,0,0,0,0,0,0,0,0,0,0,0,0,0,2,2,2,2,2,4,4,4,11,18,19,19,26,36,44,44,92,125,131,164,173,213,233,269,325,359,413,464,521,586,632,662,695,781,781
BW,Botswana,0,0,0,0,0,0,0,0,0,0,0,0,0,0,0,0,0,0,0,0,0,0,0,0,0,0,0,0,0,0,0,0,0,0,0,0,0,0,0,0,0,0,0,0,0,3,3,4,4,4,4,6,6,6
BR,Brazil,0,0,0,0,0,0,0,0,0,0,0,1,1,1,2,2,2,2,3,7,13,19,25,25,34,52,77,98,121,200,234,234,428,428,621,904,904,1546,2201,2433,2433,2915,3417,3904,4256,4579,5717,6836,7910,9056,10278,11130,12056,12056
VG,British Virgin Islands,0,0,0,0,0,0,0,0,0,0,0,0,0,0,0,0,0,0,0,0,0,0,0,0,0,0,0,0,0,0,0,0,0,0,0,0,0,0,0,0,2,2,2,2,2,3,3,3,3,3,3,3,3,3
BN,Brunei Darussalam,0,0,0,0,0,0,0,0,0,0,0,0,0,0,0,0,0,0,0,0,0,0,0,1,1,12,12,25,40,50,50,56,68,73,78,83,88,91,104,109,114,115,120,126,127,129,131,133,134,135,135,135,135,135
BG,Bulgaria,0,0,0,0,0,0,0,0,0,0,0,0,0,0,0,0,0,0,0,0,0,2,4,4,6,7,7,7,43,51,67,81,94,94,127,163,185,201,220,242,264,293,331,346,359,399,422,457,485,503,531,549,577,577
BF,Burkina Faso,0,0,0,0,0,0,0,0,0,0,0,0,0,0,0,0,0,0,0,0,0,0,0,0,2,2,2,2,3,3,15,20,26,40,40,72,75,99,114,146,146,146,146,222,246,261,261,261,261,302,302,345,364,384
BI,Burundi,0,0,0,0,0,0,0,0,0,0,0,0,0,0,0,0,0,0,0,0,0,0,0,0,0,0,0,0,0,0,0,0,0,0,0,0,0,0,0,0,0,0,0,0,0,2,2,2,3,3,3,3,3,3
CV,Cabo Verde,0,0,0,0,0,0,0,0,0,0,0,0,0,0,0,0,0,0,0,0,0,0,0,0,0,0,0,0,0,0,0,0,0,0,1,3,3,3,3,3,3,5,5,5,5,5,5,5,5,5,5,7,7,7
KH,Cambodia,1,1,1,1,1,1,1,1,1,1,1,1,1,1,1,1,1,1,1,1,1,2,2,2,3,3,5,7,12,12,24,33,37,47,51,53,84,87,91,96,98,102,102,103,107,109,109,110,114,114,114,115,115,117
CM,Cameroon,0,0,0,0,0,0,0,0,0,0,0,0,0,0,0,0,0,0,0,1,2,2,2,2,2,2,2,2,3,3,5,10,10,15,22,27,40,70,70,70,75,75,91,113,139,139,139,246,246,555,555,555,555,555
CA,Canada,7,7,8,8,8,8,8,9,9,10,10,11,11,14,19,19,27,30,30,45,51,57,62,77,93,93,138,176,244,304,424,424,690,736,846,1048,1384,1432,1739,3409,3555,4018,4757,5655,6317,7695,9005,10114,11732,12938,13904,15806,17049,17049
KY,Cayman Islands,0,0,0,0,0,0,0,0,0,0,0,0,0,0,0,0,0,0,0,0,0,0,0,0,0,0,0,1,1,1,1,1,1,3,3,3,3,5,5,8,8,8,8,8,12,12,14,22,28,28,35,39,39,39
CF,Central African Republic,0,0,0,0,0,0,0,0,0,0,0,0,0,0,0,0,0,0,0,0,0,0,0,0,0,0,0,0,1,1,1,1,1,1,1,3,4,4,4,5,5,6,6,6,6,6,8,8,8,9,9,9,9,9
TD,Chad,0,0,0,0,0,0,0,0,0,0,0,0,0,0,0,0,0,0,0,0,0,0,0,0,0,0,0,0,0,0,0,0,0,1,1,1,1,3,3,3,5,5,5,5,5,7,7,7,7,7,9,9,10,10
CL,Chile,0,0,0,0,0,0,0,0,0,0,0,0,0,0,0,0,0,1,1,1,5,5,10,13,17,23,33,43,61,75,156,201,238,342,434,434,632,746,922,1142,1306,1610,1909,1909,2449,2738,3031,3404,3737,4161,4471,4815,5116,5116
CN,China,68584,70635,72528,74279,74675,75567,76392,77041,77262,77779,78190,78630,78959,79389,79968,80174,80302,80422,80565,80711,80813,80859,80904,80924,80955,80981,80991,81021,81048,81077,81116,81151,81262,81300,81416,81498,81601,81747,81848,81961,82078,82213,82341,82447,82544,82631,82724,82802,82875,82930,83005,83071,83157,83161
CO,Colombia,0,0,0,0,0,0,0,0,0,0,0,0,0,0,0,0,0,0,0,0,1,1,1,3,3,9,9,16,24,24,45,65,93,108,145,196,196,277,306,470,470,491,539,608,702,798,906,1065,1161,1267,1406,1485,1579,1579
CG,Congo,0,0,0,0,0,0,0,0,0,0,0,0,0,0,0,0,0,0,0,0,0,0,0,0,0,0,0,0,1,1,1,1,3,3,3,4,4,4,4,4,4,19,19,19,19,19,22,41,41,45,45,45,45,49
CR,Costa Rica,0,0,0,0,0,0,0,0,0,0,0,0,0,0,0,0,0,0,0,0,0,5,9,9,13,13,22,23,23,27,41,50,50,87,113,113,117,158,177,201,201,231,263,295,314,314,347,375,396,416,435,454,467,467
CI,Côte d’Ivoire,0,0,0,0,0,0,0,0,0,0,0,0,0,0,0,0,0,0,0,0,0,0,0,0,0,0,1,1,3,3,6,6,9,9,9,9,25,25,72,80,80,92,140,165,169,169,190,190,203,245,245,323,349,349
HR,Croatia,0,0,0,0,0,0,0,0,0,0,2,3,3,5,7,7,8,9,9,10,11,11,11,12,16,20,20,31,37,49,56,65,81,81,126,206,235,306,382,418,495,586,657,713,790,867,963,1011,1079,1126,1182,1222,1282,1282
CU,Cuba,0,0,0,0,0,0,0,0,0,0,0,0,0,0,0,0,0,0,0,0,0,0,0,0,0,0,3,4,4,4,5,5,10,11,16,16,16,40,48,57,67,80,119,119,170,186,212,233,269,288,320,350,396,396
CW,Curacao,0,0,0,0,0,0,0,0,0,0,0,0,0,0,0,0,0,0,0,0,0,0,0,0,0,0,0,1,2,2,3,3,3,3,3,3,3,4,6,6,7,7,7,7,11,11,11,11,11,11,11,13,13,13
CY,Cyprus,0,0,0,0,0,0,0,0,0,0,0,0,0,0,0,0,0,0,0,0,0,0,0,2,2,6,6,14,21,33,33,33,58,58,67,84,95,116,124,132,146,162,179,214,230,262,320,356,396,426,446,465,494,494
CZ,Czechia,0,0,0,0,0,0,0,0,0,0,0,0,0,0,0,3,5,5,5,12,12,26,32,38,61,94,116,150,214,298,383,464,522,694,904,995,1165,1236,1394,1654,2062,2279,2663,2829,3002,3308,3589,3858,4190,4472,4587,4822,5017,5017
CD,Democratic Republic of the Congo,0,0,0,0,0,0,0,0,0,0,0,0,0,0,0,0,0,0,0,0,0,0,0,0,1,1,1,2,2,2,3,7,7,14,14,23,30,36,45,51,54,58,68,81,98,109,123,134,134,148,161,161,183,183
DK,Denmark,0,0,0,0,0,0,0,0,0,0,0,1,1,2,3,4,5,8,10,18,23,31,36,90,262,538,674,801,827,898,960,1044,1044,1132,1255,1326,1395,1460,1591,1724,1877,2046,2201,2395,2577,2860,3107,3386,3757,4077,4369,4681,5071,5071
DJ,Djibouti,0,0,0,0,0,0,0,0,0,0,0,0,0,0,0,0,0,0,0,0,0,0,0,0,0,0,0,0,0,0,0,1,1,1,1,1,1,3,3,12,12,13,15,19,26,31,34,41,50,51,59,90,121,135
DM,Dominica,0,0,0,0,0,0,0,0,0,0,0,0,0,0,0,0,0,0,0,0,0,0,0,0,0,0,0,0,0,0,0,0,0,0,0,0,0,1,2,7,11,11,11,11,11,11,11,11,11,11,11,14,15,15
DO,Dominican Republic,0,0,0,0,0,0,0,0,0,0,0,0,0,0,0,1,1,1,1,1,1,1,1,5,5,5,5,5,5,5,21,21,21,34,72,72,72,245,312,392,488,581,581,581,901,1109,1284,1380,1488,1488,1488,1828,1956,1956
EC,Ecuador,0,0,0,0,0,0,0,0,0,0,0,0,0,0,1,1,6,7,7,13,14,14,15,15,15,17,17,23,23,37,58,58,155,199,367,506,532,790,1049,1211,1211,1595,1823,1835,1962,2240,2372,3163,3163,3465,3465,3747,3747,3747
EG,Egypt,1,1,1,1,1,1,1,1,1,1,1,1,1,1,1,2,2,2,2,3,3,48,55,59,59,67,67,93,93,126,166,196,210,210,256,285,327,366,402,456,495,536,576,609,656,710,779,865,985,1070,1173,1322,1450,1450
SV,El Salvador,0,0,0,0,0,0,0,0,0,0,0,0,0,0,0,0,0,0,0,0,0,0,0,0,0,0,0,0,0,0,0,0,0,1,1,1,1,3,5,13,13,13,19,24,30,30,32,41,46,56,62,69,78,78
GQ,Equatorial Guinea,0,0,0,0,0,0,0,0,0,0,0,0,0,0,0,0,0,0,0,0,0,0,0,0,0,0,0,0,1,1,1,3,3,4,4,6,6,6,6,6,6,6,6,13,14,14,14,15,15,16,16,16,16,16
ER,Eritrea,0,0,0,0,0,0,0,0,0,0,0,0,0,0,0,0,0,0,0,0,0,0,0,0,0,0,0,0,0,0,0,0,0,0,0,1,1,1,1,4,6,6,6,6,6,6,15,20,20,20,29,29,31,31
EE,Estonia,0,0,0,0,0,0,0,0,0,0,0,1,1,1,1,1,1,2,2,3,10,10,10,10,13,13,41,79,79,205,205,258,258,267,283,306,326,352,369,404,538,575,640,679,715,745,779,858,961,1018,1097,1108,1149,1149
SZ,Eswatini,0,0,0,0,0,0,0,0,0,0,0,0,0,0,0,0,0,0,0,0,0,0,0,0,0,0,0,0,1,1,1,1,1,1,1,1,4,4,4,4,6,9,9,9,9,9,9,9,9,9,9,9,10,10
ET,Ethiopia,0,0,0,0,0,0,0,0,0,0,0,0,0,0,0,0,0,0,0,0,0,0,0,0,0,0,0,1,1,1,5,6,6,9,9,9,11,11,12,12,12,16,16,21,23,26,26,31,35,38,43,43,52,52
FK,Falkland Islands (Malvinas),0,0,0,0,0,0,0,0,0,0,0,0,0,0,0,0,0,0,0,0,0,0,0,0,0,0,0,0,0,0,0,0,0,0,0,0,0,0,0,0,0,0,0,0,0,0,0,0,0,1,2,2,2,2
FO,Faroe Islands,0,0,0,0,0,0,0,0,0,0,0,0,0,0,0,0,0,0,0,1,1,1,2,2,2,2,2,3,9,11,47,47,58,72,80,92,115,118,122,132,140,144,155,159,168,169,173,177,179,181,181,181,184,184
FJ,Fiji,0,0,0,0,0,0,0,0,0,0,0,0,0,0,0,0,0,0,0,0,0,0,0,0,0,0,0,0,0,0,0,0,0,1,1,2,2,3,4,5,5,5,5,5,5,5,5,7,7,12,12,14,15,15
FI,Finland,1,1,1,1,1,1,1,1,1,1,1,2,2,2,2,6,7,7,7,12,19,19,30,40,40,40,155,155,210,267,272,319,359,369,450,521,626,700,792,880,958,1025,1218,1218,1313,1384,1446,1518,1615,1882,1927,2176,2308,2308
FR,France,12,12,12,12,12,12,12,12,12,12,12,18,38,57,100,100,188,209,282,420,613,706,1116,1402,1774,2269,2860,3640,4469,5380,6573,7652,9043,10877,12475,14296,15821,19615,22025,24920,28786,32542,37145,39642,43977,51477,56261,58327,63536,67757,69607,73488,77226,77226
GF,French Guiana,0,0,0,0,0,0,0,0,0,0,0,0,0,0,0,0,0,0,0,0,0,5,5,5,5,5,6,7,7,7,7,11,15,15,15,15,18,20,23,28,28,31,31,31,43,46,51,55,57,62,66,68,72,72
PF,French Polynesia,0,0,0,0,0,0,0,0,0,0,0,0,0,0,0,0,0,0,0,0,0,0,0,0,0,1,1,1,3,3,3,3,6,11,11,15,17,18,25,25,30,30,34,35,36,37,37,37,39,40,41,42,47,47
GA,Gabon,0,0,0,0,0,0,0,0,0,0,0,0,0,0,0,0,0,0,0,0,0,0,0,0,0,0,0,1,1,1,1,3,3,3,3,3,6,6,6,6,6,7,7,7,7,7,7,18,21,21,21,21,24,24
GM,Gambia,0,0,0,0,0,0,0,0,0,0,0,0,0,0,0,0,0,0,0,0,0,0,0,0,0,0,0,0,0,0,0,1,1,1,1,1,1,1,2,2,2,2,3,3,3,3,3,4,4,4,4,4,4,4
GE,Georgia,0,0,0,0,0,0,0,0,0,0,0,1,1,2,3,3,3,3,3,9,9,12,13,15,23,23,25,25,30,33,33,34,34,38,43,49,54,67,73,77,81,85,90,98,103,115,121,148,157,170,188,195,208,208
DE,Germany,16,16,16,16,16,16,16,16,16,16,18,21,26,57,57,129,158,196,262,534,639,795,1112,1139,1296,1567,2369,3062,3795,4838,6012,7156,8198,10999,18323,21463,24774,29212,31554,36508,42288,48582,52547,57298,61913,67366,73522,79696,85778,91714,95391,99225,103228,103228
GH,Ghana,0,0,0,0,0,0,0,0,0,0,0,0,0,0,0,0,0,0,0,0,0,0,0,0,0,0,0,1,2,2,6,7,9,11,16,19,24,27,53,68,132,137,137,152,152,152,195,204,204,205,205,214,287,287
GI,Gibraltar,0,0,0,0,0,0,0,0,0,0,0,0,0,0,0,0,0,1,1,1,1,1,1,1,1,1,1,1,1,1,3,3,8,10,10,10,15,15,15,26,35,55,56,65,69,69,69,81,95,98,103,103,113,113
GR,Greece,0,0,0,0,0,0,0,0,0,0,0,1,3,3,3,7,7,7,9,32,32,66,73,73,90,99,99,99,228,331,331,387,418,418,495,530,624,695,743,821,892,966,1061,1156,1212,1314,1375,1514,1613,1673,1735,1755,1832,1832
GL,Greenland,0,0,0,0,0,0,0,0,0,0,0,0,0,0,0,0,0,0,0,0,0,0,0,0,0,0,0,0,0,0,0,0,2,2,2,2,2,4,4,5,6,9,10,10,10,10,10,10,10,10,11,11,11,11
GD,Grenada,0,0,0,0,0,0,0,0,0,0,0,0,0,0,0,0,0,0,0,0,0,0,0,0,0,0,0,0,0,0,0,0,0,0,0,0,1,1,1,1,7,7,7,7,9,9,9,10,10,12,12,12,12,12
GP,Guadeloupe,0,0,0,0,0,0,0,0,0,0,0,0,0,0,0,0,0,0,0,0,0,0,0,0,0,0,0,1,3,6,18,27,33,45,51,51,56,62,73,76,76,96,96,96,106,114,125,128,130,130,134,135,139,139
GU,Guam,0,0,0,0,0,0,0,0,0,0,0,0,0,0,0,0,0,0,0,0,0,0,0,0,0,0,0,0,0,0,3,5,8,12,14,15,27,29,32,37,45,51,56,56,58,69,77,82,84,93,112,113,121,124
GT,Guatemala,0,0,0,0,0,0,0,0,0,0,0,0,0,0,0,0,0,0,0,0,0,0,0,0,0,0,0,0,0,1,1,6,6,9,12,12,18,20,21,24,24,25,32,34,36,36,39,47,50,50,61,70,77,77
GG,Guernsey,0,0,0,0,0,0,0,0,0,0,0,0,0,0,0,0,0,0,0,0,0,0,0,1,1,1,1,1,1,1,1,1,1,1,1,1,17,20,23,30,34,36,39,39,45,60,78,91,114,136,154,154,166,166
GN,Guinea,0,0,0,0,0,0,0,0,0,0,0,0,0,0,0,0,0,0,0,0,0,0,0,0,0,0,0,1,1,1,1,1,1,2,2,2,2,4,4,4,5,8,8,16,16,16,30,52,52,111,111,111,144,144
GW,Guinea-Bissau,0,0,0,0,0,0,0,0,0,0,0,0,0,0,0,0,0,0,0,0,0,0,0,0,0,0,0,0,0,0,0,0,0,0,0,0,0,0,0,2,2,2,2,2,2,9,9,9,15,18,18,33,33,33
GY,Guyana,0,0,0,0,0,0,0,0,0,0,0,0,0,0,0,0,0,0,0,0,0,0,0,0,0,0,1,1,1,4,4,4,5,5,5,5,5,5,5,5,5,5,5,5,8,12,19,19,19,23,24,29,31,31
HT,Haiti,0,0,0,0,0,0,0,0,0,0,0,0,0,0,0,0,0,0,0,0,0,0,0,0,0,0,0,0,0,0,0,0,0,0,2,2,2,6,7,8,8,8,8,15,15,15,16,16,18,18,21,24,25,25
VA,Holy See,0,0,0,0,0,0,0,0,0,0,0,0,0,0,0,0,0,0,0,0,1,1,1,1,1,1,1,1,1,1,1,1,1,1,1,1,1,1,1,4,4,4,4,6,6,6,6,7,7,7,7,7,7,7
HN,Honduras,0,0,0,0,0,0,0,0,0,0,0,0,0,0,0,0,0,0,0,0,0,0,0,0,0,2,2,2,2,2,8,8,9,12,24,24,26,30,30,52,52,67,67,110,139,139,172,219,222,264,268,298,305,305
HU,Hungary,0,0,0,0,0,0,0,0,0,0,0,0,0,0,0,0,0,0,2,2,4,7,9,9,13,13,19,19,32,39,50,58,73,73,85,131,167,187,226,261,300,343,408,447,447,492,525,585,678,733,744,817,895,895
IS,Iceland,0,0,0,0,0,0,0,0,0,0,0,0,0,0,0,2,9,16,26,26,45,45,55,61,61,61,61,117,138,161,180,225,250,330,409,473,568,588,648,737,802,890,963,1020,1086,1135,1220,1319,1364,1417,1486,1562,1586,1586
IN,India,3,3,3,3,3,3,3,3,3,3,3,3,3,3,3,3,5,6,29,30,31,34,43,44,60,73,74,82,107,114,137,147,167,195,195,283,415,434,562,649,724,724,979,1071,1071,1636,1636,1965,2301,3374,4067,4067,5194,5274
ID,Indonesia,0,0,0,0,0,0,0,0,0,0,0,0,0,0,0,2,2,2,2,2,4,4,6,19,27,34,34,69,117,117,172,172,227,309,369,450,514,579,686,790,893,1046,1155,1285,1414,1528,1677,1790,1986,2092,2273,2491,2738,2956
,undefined,,,,,,,,,,,,,,,,,,,,,,,,,,,,,,,,,,,,,,,,,,,,,,,,,,,,,,
IR,Iran,0,0,0,0,2,5,18,28,43,61,95,141,245,388,593,978,1501,2336,2922,3513,4747,5823,6566,7161,8042,9000,10075,11364,12729,14991,14991,16169,17361,18407,19644,20610,21638,23049,24811,27017,29406,32332,35408,38309,41495,44606,47593,50468,53183,55743,58226,60500,62589,64586
IQ,Iraq,0,0,0,0,0,0,0,0,0,1,5,6,7,8,13,19,26,31,36,36,44,54,60,61,61,70,70,93,93,124,124,154,164,177,193,214,233,266,316,346,382,458,506,547,630,694,728,772,820,878,961,1031,1122,1122
IE,Ireland,0,0,0,0,0,0,0,0,0,0,0,0,0,0,1,1,1,2,2,14,18,19,21,24,34,43,70,91,129,169,223,292,292,557,683,785,906,1125,1329,1564,1819,2121,2415,2615,2910,3235,3447,3849,4273,4604,5111,5364,5709,5709
IM,Isle of Man,0,0,0,0,0,0,0,0,0,0,0,0,0,0,0,0,0,0,0,0,0,0,0,0,0,0,0,0,0,0,0,0,0,0,1,2,2,13,23,23,26,29,32,42,42,52,65,71,114,126,127,127,150,150
IL,Israel,0,0,0,0,0,0,1,1,1,2,2,2,3,5,7,7,10,12,15,15,19,25,39,39,75,75,99,126,178,200,304,427,427,529,712,883,1071,1238,2170,2369,3035,3460,3865,4247,4831,5129,5591,6211,7030,7589,8018,8611,9404,9404
IT,Italy,3,3,3,3,3,3,9,76,124,229,322,400,650,888,1128,1689,2036,2502,3089,3858,4636,5883,7375,9172,10149,12462,15113,17660,21157,24747,27980,31506,35713,41035,47021,53578,59138,63927,69176,74386,80539,86498,92472,97689,101739,105792,110574,115242,119827,124632,128948,132547,135586,135586
JM,Jamaica,0,0,0,0,0,0,0,0,0,0,0,0,0,0,0,0,0,0,0,0,0,0,0,0,1,1,2,8,8,10,10,12,13,15,16,16,19,19,21,26,26,26,30,32,36,36,38,44,47,53,55,58,59,59
JP,Japan,53,59,65,73,85,93,105,132,144,157,164,186,210,230,239,254,268,284,317,349,407,455,488,514,568,620,675,716,780,814,829,873,914,950,996,1046,1089,1128,1193,1291,1387,1499,1693,1866,1953,2178,2384,2617,2920,3271,3654,3906,4257,4257
JE,Jersey,0,0,0,0,0,0,0,0,0,0,0,0,0,0,0,0,0,0,0,0,0,0,0,0,0,0,2,2,2,2,2,5,5,5,12,12,15,16,16,18,32,52,61,63,63,63,81,81,118,123,155,155,170,170
JO,Jordan,0,0,0,0,0,0,0,0,0,0,0,0,0,0,0,0,1,1,1,1,1,1,1,1,1,1,1,1,1,6,6,48,52,56,69,84,112,127,153,172,212,235,246,259,268,274,278,299,310,323,345,349,353,353
KZ,Kazakhstan,0,0,0,0,0,0,0,0,0,0,0,0,0,0,0,0,0,0,0,0,0,0,0,0,0,0,0,0,6,6,6,35,36,46,53,56,60,63,79,97,125,204,265,294,312,348,386,435,460,531,604,670,709,709
KE,Kenya,0,0,0,0,0,0,0,0,0,0,0,0,0,0,0,0,0,0,0,0,0,0,0,0,0,0,0,1,1,1,3,4,7,7,7,7,15,16,25,25,25,25,25,25,38,50,81,110,122,122,142,142,172,172
XK,Kosovo[1],0,0,0,0,0,0,0,0,0,0,0,0,0,0,0,0,0,0,0,0,0,0,0,0,0,0,0,2,5,5,13,13,13,21,24,24,31,61,63,71,79,88,91,94,106,112,125,126,132,140,145,165,184,184
KW,Kuwait,0,0,0,0,0,0,0,0,3,8,12,43,43,45,45,56,56,56,58,58,58,62,64,65,69,72,80,100,112,112,130,142,148,148,159,176,189,191,195,208,208,235,235,255,266,289,342,417,479,556,556,665,743,855
KG,Kyrgyzstan,0,0,0,0,0,0,0,0,0,0,0,0,0,0,0,0,0,0,0,0,0,0,0,0,0,0,0,0,0,0,0,0,3,3,6,14,14,16,42,44,58,58,84,84,107,111,115,130,144,147,216,228,270,270
LA,Lao People's Democratic Republic,0,0,0,0,0,0,0,0,0,0,0,0,0,0,0,0,0,0,0,0,0,0,0,0,0,0,0,0,0,0,0,0,0,0,0,0,0,0,0,3,6,6,6,8,8,9,10,10,10,10,11,12,12,14
LV,Latvia,0,0,0,0,0,0,0,0,0,0,0,0,0,0,0,0,1,1,1,1,1,1,3,6,8,16,16,19,30,31,36,71,71,86,111,124,139,180,197,221,244,280,305,376,376,398,446,458,493,509,533,542,548,548
LB,Lebanon,0,0,0,0,0,0,1,1,1,1,1,3,4,7,9,10,13,13,13,16,22,28,32,32,41,66,66,77,93,99,109,120,120,149,163,206,248,267,304,333,368,391,412,438,446,463,479,508,508,527,527,541,548,575
LR,Liberia,0,0,0,0,0,0,0,0,0,0,0,0,0,0,0,0,0,0,0,0,0,0,0,0,0,0,0,0,0,0,1,2,2,2,2,3,3,3,3,3,3,3,3,3,3,3,6,6,7,10,13,14,14,14
LY,Libya,0,0,0,0,0,0,0,0,0,0,0,0,0,0,0,0,0,0,0,0,0,0,0,0,0,0,0,0,0,0,0,0,0,0,0,0,0,0,1,1,1,1,3,8,8,10,10,10,17,17,18,18,20,21
LI,Liechtenstein,0,0,0,0,0,0,0,0,0,0,0,0,0,0,0,0,0,0,0,1,1,1,1,1,1,1,4,4,4,7,7,7,25,25,34,36,46,46,47,51,56,60,61,62,64,68,72,75,76,77,78,78,78,78
LT,Lithuania,0,0,0,0,0,0,0,0,0,0,0,0,1,1,1,1,1,1,1,1,1,1,1,1,1,3,3,6,9,14,17,26,34,36,69,105,143,179,209,274,299,358,394,484,484,533,581,649,771,771,811,843,880,880
LU,Luxembourg,0,0,0,0,0,0,0,0,0,0,0,0,0,0,0,1,1,1,1,1,2,2,2,5,5,17,17,38,38,38,81,203,235,345,484,670,798,875,1099,1333,1453,1605,1831,1950,1988,2178,2319,2487,2612,2729,2804,2843,2970,2970
MG,Madagascar,0,0,0,0,0,0,0,0,0,0,0,0,0,0,0,0,0,0,0,0,0,0,0,0,0,0,0,0,0,0,0,0,0,0,0,3,12,13,19,19,24,26,26,37,46,53,53,65,65,70,77,77,92,92
MW,Malawi,0,0,0,0,0,0,0,0,0,0,0,0,0,0,0,0,0,0,0,0,0,0,0,0,0,0,0,0,0,0,0,0,0,0,0,0,0,0,0,0,0,0,0,0,0,0,0,3,3,3,4,4,8,8
MY,Malaysia,22,22,22,22,22,22,22,22,22,22,22,22,24,24,24,24,29,50,50,55,83,93,93,117,129,129,129,197,238,553,553,673,790,900,1030,1183,1306,1518,1624,1796,2031,2161,2320,2470,2626,2766,2908,3116,3333,3483,3662,3793,3963,3963
MV,Maldives,0,0,0,0,0,0,0,0,0,0,0,0,0,0,0,0,0,0,0,0,0,2,4,4,8,8,8,9,10,13,13,13,13,13,13,13,13,13,13,13,13,13,16,17,17,18,18,19,19,19,19,19,19,19
ML,Mali,0,0,0,0,0,0,0,0,0,0,0,0,0,0,0,0,0,0,0,0,0,0,0,0,0,0,0,0,0,0,0,0,0,0,0,0,0,0,0,2,2,9,18,18,18,18,28,28,36,39,39,39,47,47
MT,Malta,0,0,0,0,0,0,0,0,0,0,0,0,0,0,0,0,0,0,0,0,0,3,3,4,4,6,9,12,12,21,30,38,48,53,64,73,90,107,120,129,134,139,139,151,156,167,188,195,202,213,234,241,293,293
MQ,Martinique,0,0,0,0,0,0,0,0,0,0,0,0,0,0,0,0,0,0,0,0,0,2,2,2,3,3,4,6,10,15,16,16,23,32,32,32,32,53,57,66,66,93,93,105,111,119,128,131,138,145,145,149,151,151
MR,Mauritania,0,0,0,0,0,0,0,0,0,0,0,0,0,0,0,0,0,0,0,0,0,0,0,0,0,0,0,0,1,1,1,1,2,2,2,2,2,2,2,2,3,3,5,5,5,5,5,5,6,6,6,6,6,6
MU,Mauritius,0,0,0,0,0,0,0,0,0,0,0,0,0,0,0,0,0,0,0,0,0,0,0,0,0,0,0,0,0,0,0,0,3,7,12,12,12,36,42,47,81,96,102,102,107,143,154,169,186,196,227,244,268,268
YT,Mayotte,0,0,0,0,0,0,0,0,0,0,0,0,0,0,0,0,0,0,0,0,0,0,0,0,0,0,0,0,1,1,1,3,4,4,4,11,14,24,30,35,50,50,50,82,82,101,116,128,128,147,147,164,184,184
MX,Mexico,0,0,0,0,0,0,0,0,0,0,0,0,0,2,2,5,5,5,5,5,5,7,7,7,7,11,12,26,41,53,53,93,118,118,164,164,251,370,370,478,478,589,717,848,993,1094,1215,1378,1510,1688,1890,2143,2439,2439
MC,Monaco,0,0,0,0,0,0,0,0,0,0,0,0,0,0,1,1,1,1,1,1,1,1,1,1,1,1,1,2,2,9,9,9,9,9,12,18,19,19,19,19,19,19,19,31,34,37,37,37,37,37,37,40,40,40
MN,Mongolia,0,0,0,0,0,0,0,0,0,0,0,0,0,0,0,0,0,0,0,0,0,0,0,1,1,1,1,1,1,1,4,5,6,6,6,10,10,10,10,10,11,12,12,12,12,12,14,14,14,14,14,15,15,16
ME,Montenegro,0,0,0,0,0,0,0,0,0,0,0,0,0,0,0,0,0,0,0,0,0,0,0,0,0,0,0,0,0,0,0,2,2,10,14,14,21,22,29,52,67,70,82,85,91,105,120,140,160,197,203,223,248,248
MS,Montserrat,0,0,0,0,0,0,0,0,0,0,0,0,0,0,0,0,0,0,0,0,0,0,0,0,0,0,0,0,0,0,0,1,1,1,1,1,1,1,1,2,2,5,5,5,5,5,5,5,5,6,6,6,6,6
MA,Morocco,0,0,0,0,0,0,0,0,0,0,0,0,0,0,0,0,1,1,2,2,2,2,2,2,3,5,6,7,18,28,29,49,58,61,74,86,115,143,170,225,275,358,437,516,574,638,676,735,844,960,1113,1141,1184,1242
MZ,Mozambique,0,0,0,0,0,0,0,0,0,0,0,0,0,0,0,0,0,0,0,0,0,0,0,0,0,0,0,0,0,0,0,0,0,0,0,0,1,1,3,5,5,7,8,8,8,8,10,10,10,10,10,10,10,10
MM,Myanmar,0,0,0,0,0,0,0,0,0,0,0,0,0,0,0,0,0,0,0,0,0,0,0,0,0,0,0,0,0,0,0,0,0,0,0,0,0,2,3,3,5,5,8,8,10,15,15,16,20,20,21,21,22,22
NA,Namibia,0,0,0,0,0,0,0,0,0,0,0,0,0,0,0,0,0,0,0,0,0,0,0,0,0,0,0,0,2,2,2,2,2,3,3,3,3,3,4,5,8,8,8,11,11,11,11,13,13,14,16,16,16,16
NP,Nepal,1,1,1,1,1,1,1,1,1,1,1,1,1,1,1,1,1,1,1,1,1,1,1,1,1,1,1,1,1,1,1,1,1,1,1,1,1,2,2,3,3,3,5,5,5,5,5,6,6,9,9,9,9,9
NL,Netherlands,0,0,0,0,0,0,0,0,0,0,0,0,1,2,7,13,18,28,38,82,128,188,265,321,382,503,614,804,959,1135,1413,2051,2051,2460,2994,3631,4204,4749,5560,6412,7431,8603,9762,10866,11750,12595,13614,14697,15723,16627,17851,18803,19580,19580
NC,New Caledonia,0,0,0,0,0,0,0,0,0,0,0,0,0,0,0,0,0,0,0,0,0,0,0,0,0,0,0,0,0,0,0,0,2,2,2,4,5,8,10,14,14,15,15,15,15,16,17,18,18,18,18,18,18,18
NZ,New Zealand,0,0,0,0,0,0,0,0,0,0,0,0,1,1,1,1,2,2,2,4,5,5,5,5,5,5,5,6,6,6,11,20,28,39,53,66,102,102,189,262,338,416,476,552,600,647,723,774,824,872,911,943,969,969
NI,Nicaragua,0,0,0,0,0,0,0,0,0,0,0,0,0,0,0,0,0,0,0,0,0,0,0,0,0,0,0,0,0,0,0,0,1,1,1,2,2,2,2,2,2,2,4,4,4,4,5,5,5,5,5,6,6,6
NE,Niger,0,0,0,0,0,0,0,0,0,0,0,0,0,0,0,0,0,0,0,0,0,0,0,0,0,0,0,0,0,0,0,0,0,1,1,1,1,2,2,2,10,10,10,20,20,20,74,74,98,144,144,184,278,278
NG,Nigeria,0,0,0,0,0,0,0,0,0,0,0,0,1,1,1,1,1,1,1,1,1,1,2,2,2,2,2,2,2,2,2,3,8,12,12,22,22,22,42,46,65,65,65,65,111,111,139,174,190,208,208,232,254,254
MK,North Macedonia,0,0,0,0,0,0,0,0,0,0,0,1,1,1,1,1,1,1,1,1,3,3,3,7,7,7,7,9,13,19,19,31,31,48,70,85,114,136,148,177,201,219,241,259,285,329,354,384,430,483,555,570,599,599
MP,Northern Mariana Islands (Commonwealth of the),0,0,0,0,0,0,0,0,0,0,0,0,0,0,0,0,0,0,0,0,0,0,0,0,0,0,0,0,0,0,0,0,0,0,0,0,0,0,0,0,0,0,0,2,2,2,6,8,8,8,8,8,8,11
NO,Norway,0,0,0,0,0,0,0,0,0,0,0,1,4,6,15,19,25,33,56,86,113,147,169,192,277,277,277,750,907,1077,1169,1423,1423,1552,1742,1926,2132,2371,2566,2916,3156,3581,3845,4102,4226,4447,4665,4935,5208,5510,5640,5755,5863,5863
PS,"occupied Palestinian territory, including east Jerusalem",0,0,0,0,0,0,0,0,0,0,0,0,0,0,0,0,0,0,7,7,16,16,19,26,30,30,31,35,38,38,39,41,44,47,48,52,59,59,60,64,84,97,104,115,117,134,134,165,193,217,246,254,263,263
OM,Oman,0,0,0,0,0,0,0,0,0,2,4,4,6,6,6,6,6,12,15,16,16,16,16,18,18,18,18,19,20,22,24,33,33,39,48,52,55,84,99,99,109,152,167,167,179,210,231,252,277,298,331,371,419,419
PK,Pakistan,0,0,0,0,0,0,0,0,0,0,0,2,2,2,4,4,5,5,5,5,5,5,6,16,16,19,20,21,28,52,187,241,241,302,461,495,784,887,991,1057,1057,1235,1526,1625,1865,2039,2291,2450,2450,2880,3277,3864,4072,4183
PA,Panama,0,0,0,0,0,0,0,0,0,0,0,0,0,0,0,0,0,0,0,0,0,0,0,1,8,10,14,27,27,43,69,86,109,109,137,137,245,345,345,558,558,674,786,901,989,989,1181,1317,1475,1673,1801,1988,2100,2100
PG,Papua New Guinea,0,0,0,0,0,0,0,0,0,0,0,0,0,0,0,0,0,0,0,0,0,0,0,0,0,0,0,0,0,0,0,0,0,0,1,1,1,1,1,1,1,1,1,1,1,1,1,1,1,1,1,1,1,1
PY,Paraguay,0,0,0,0,0,0,0,0,0,0,0,0,0,0,0,0,0,0,0,0,0,0,1,1,5,5,5,6,6,8,9,11,11,11,13,18,22,22,27,41,41,52,56,59,64,65,69,77,92,96,104,113,115,115
PE,Peru,0,0,0,0,0,0,0,0,0,0,0,0,0,0,0,0,0,0,0,0,6,6,6,9,11,17,22,28,43,71,86,117,145,234,234,318,318,395,416,480,580,580,635,671,852,1065,1323,1323,1414,1595,1746,2281,2561,2561
PH,Philippines,3,3,3,3,3,3,3,3,3,3,3,3,3,3,3,3,3,3,3,5,5,6,10,33,49,52,52,64,140,140,187,187,202,217,230,307,380,462,552,636,707,803,1075,1418,1546,2084,2311,2633,3018,3094,3246,3660,3764,3870
PL,Poland,0,0,0,0,0,0,0,0,0,0,0,0,0,0,0,0,0,1,1,1,5,6,11,16,22,44,58,64,111,150,150,246,287,325,425,536,634,749,901,1051,1221,1389,1638,1862,2055,2311,2554,2946,3383,3627,4102,4413,4848,4848
PT,Portugal,0,0,0,0,0,0,0,0,0,0,0,0,0,0,0,0,2,2,9,9,13,21,30,30,41,41,41,112,112,245,331,448,642,785,1020,1280,1600,2060,2362,2995,3544,4268,5170,5962,6408,7443,8251,9034,9886,10524,11278,11730,12442,12442
PR,Puerto Rico,0,0,0,0,0,0,0,0,0,0,0,0,0,0,0,0,0,0,0,0,0,0,0,0,0,0,0,3,3,3,3,5,5,6,14,21,23,31,39,51,64,64,64,64,174,239,286,316,378,452,452,513,573,573
QA,Qatar,0,0,0,0,0,0,0,0,0,0,0,0,0,0,1,3,7,8,8,8,11,12,15,18,24,262,262,262,337,401,439,442,442,452,460,470,494,501,526,537,549,562,590,634,693,781,835,949,1075,1325,1604,1832,2057,2210
KR,Republic of Korea,29,30,31,51,104,204,346,602,763,977,1261,1766,2337,3150,3736,4212,4812,5328,5766,6284,6767,7134,7382,7513,7755,7869,7979,8086,8162,8236,8320,8413,8565,8652,8799,8897,8961,9037,9137,9241,9332,9478,9583,9661,9786,9887,9976,10062,10156,10237,10284,10331,10384,10384
MD,Republic of Moldova,0,0,0,0,0,0,0,0,0,0,0,0,0,0,0,0,0,0,0,0,0,1,1,1,3,4,4,8,12,23,29,30,36,49,66,80,94,109,125,149,177,199,231,263,298,353,423,591,591,752,864,965,1056,1056
RE,Réunion,0,0,0,0,0,0,0,0,0,0,0,0,0,0,0,0,0,0,0,0,0,0,0,0,0,0,3,5,6,9,9,12,15,15,28,47,64,71,83,94,135,135,143,207,207,247,281,308,321,334,344,349,358,358
RO,Romania,0,0,0,0,0,0,0,0,0,0,0,1,1,3,3,3,3,4,4,6,7,13,15,15,25,49,64,64,123,158,158,246,246,260,308,367,433,576,762,906,1029,1292,1452,1760,1952,2245,2460,2738,3183,3613,3864,4057,4417,4417
RU,Russian Federation,2,2,2,2,2,2,2,2,2,2,2,2,2,2,2,3,3,3,4,7,7,7,7,7,20,34,34,34,63,93,114,147,199,253,306,438,438,658,840,1036,1264,1534,1534,1837,2337,2777,3548,4149,4731,5389,6343,7497,7497,7497
RW,Rwanda,0,0,0,0,0,0,0,0,0,0,0,0,0,0,0,0,0,0,0,0,0,0,0,0,0,0,0,0,0,5,7,8,11,11,11,17,17,36,40,41,50,54,60,70,70,75,82,84,89,102,102,104,105,105
BL,Saint Barthélemy,0,0,0,0,0,0,0,0,0,0,0,0,0,0,0,0,1,1,1,1,1,1,1,1,1,1,1,1,1,3,3,3,3,3,3,3,3,3,3,3,3,5,5,5,6,6,6,6,6,6,6,6,6,6
KN,Saint Kitts and Nevis,0,0,0,0,0,0,0,0,0,0,0,0,0,0,0,0,0,0,0,0,0,0,0,0,0,0,0,0,0,0,0,0,0,0,0,0,0,0,0,2,2,2,2,2,2,8,8,8,8,9,9,10,10,10
LC,Saint Lucia,0,0,0,0,0,0,0,0,0,0,0,0,0,0,0,0,0,0,0,0,0,0,0,0,0,0,0,0,0,2,2,2,2,2,2,2,2,3,3,3,3,3,3,4,9,9,13,13,13,13,14,14,14,14
MF,Saint Martin,0,0,0,0,0,0,0,0,0,0,0,0,0,0,0,0,2,2,2,2,2,2,2,2,2,2,2,2,2,2,2,2,4,4,4,4,5,8,8,11,11,12,12,12,18,18,21,22,22,24,29,31,31,31
PM,Saint Pierre and Miquelon,0,0,0,0,0,0,0,0,0,0,0,0,0,0,0,0,0,0,0,0,0,0,0,0,0,0,0,0,0,0,0,0,0,0,0,0,0,0,0,0,0,0,0,0,0,0,0,0,0,0,0,0,1,1
VC,Saint Vincent and the Grenadines,0,0,0,0,0,0,0,0,0,0,0,0,0,0,0,0,0,0,0,0,0,0,0,0,0,0,1,1,1,1,1,1,1,1,1,1,1,1,1,1,1,1,1,1,1,1,1,2,3,3,3,7,7,7
SM,San Marino,0,0,0,0,0,0,0,0,0,0,0,0,0,1,1,1,8,8,16,21,24,27,37,49,63,69,77,83,92,92,102,104,109,126,151,151,151,187,187,208,218,228,228,229,230,236,236,245,252,259,266,277,279,279
ST,Sao Tome and Principe,0,0,0,0,0,0,0,0,0,0,0,0,0,0,0,0,0,0,0,0,0,0,0,0,0,0,0,0,0,0,0,0,0,0,0,0,0,0,0,0,0,0,0,0,0,0,0,0,0,0,0,1,1,1
SA,Saudi Arabia,0,0,0,0,0,0,0,0,0,0,0,0,0,0,0,0,1,1,2,5,5,7,15,15,20,21,21,62,103,103,133,171,238,238,274,392,511,562,767,900,1012,1104,1203,1299,1453,1563,1720,1885,2039,2370,2463,2752,2795,2932
SN,Senegal,0,0,0,0,0,0,0,0,0,0,0,0,0,0,0,0,1,1,4,4,4,4,4,4,4,4,10,10,21,26,27,31,36,38,38,56,67,79,86,99,105,119,119,142,162,175,190,195,207,219,222,226,237,237
RS,Serbia,0,0,0,0,0,0,0,0,0,0,0,0,0,0,0,0,0,0,0,1,1,1,1,1,12,19,31,31,41,41,57,72,82,123,135,173,219,249,303,384,457,528,659,741,785,900,1060,1171,1476,1624,1908,2200,2447,2447
SC,Seychelles,0,0,0,0,0,0,0,0,0,0,0,0,0,0,0,0,0,0,0,0,0,0,0,0,0,0,0,0,0,2,4,4,6,6,6,7,7,7,7,7,7,7,7,8,8,8,10,10,10,10,10,11,11,11
SL,Sierra Leone,0,0,0,0,0,0,0,0,0,0,0,0,0,0,0,0,0,0,0,0,0,0,0,0,0,0,0,0,0,0,0,0,0,0,0,0,0,0,0,0,0,0,0,0,0,1,2,2,2,4,6,6,6,6
SG,Singapore,72,75,77,81,84,85,86,89,89,90,91,93,96,98,102,106,108,110,110,117,130,138,150,160,166,178,187,200,212,243,243,266,313,345,385,432,455,507,558,631,683,732,802,844,879,926,1000,1049,1114,1189,1309,1375,1481,1481
SX,Sint Maarten,0,0,0,0,0,0,0,0,0,0,0,0,0,0,0,0,0,0,0,0,0,0,0,0,0,0,0,0,0,0,0,1,1,1,1,1,1,2,2,2,2,3,3,3,6,6,6,18,23,23,23,37,40,40
SK,Slovakia,0,0,0,0,0,0,0,0,0,0,0,0,0,0,0,0,0,0,0,0,1,3,5,7,7,10,21,32,44,61,72,97,107,123,137,178,185,191,204,216,226,295,295,336,336,363,400,426,450,471,485,534,598,598
SI,Slovenia,0,0,0,0,0,0,0,0,0,0,0,0,0,0,0,0,0,0,1,6,9,12,16,23,31,57,57,141,141,219,253,275,286,319,341,383,414,442,480,528,577,632,691,730,763,814,841,897,934,977,997,1021,1055,1055
SO,Somalia,0,0,0,0,0,0,0,0,0,0,0,0,0,0,0,0,0,0,0,0,0,0,0,0,0,0,0,0,0,0,1,1,1,1,1,1,1,1,1,2,3,3,3,3,3,5,5,5,7,7,7,7,8,1
ZA,South Africa,0,0,0,0,0,0,0,0,0,0,0,0,0,0,0,0,0,0,0,1,1,1,1,1,1,1,1,2,3,3,3,3,3,5,5,5,7,7,7,7,8,8,1187,1280,1326,1353,1380,1462,1505,1585,1655,1686,1749,1749
SS,South Sudan,0,0,0,0,0,0,0,0,0,0,0,0,0,0,0,0,0,0,0,0,0,0,0,0,0,0,0,0,0,0,0,0,0,0,0,0,0,0,0,0,0,0,0,0,0,0,0,0,0,0,1,1,1,1
ES,Spain,2,2,2,2,2,2,2,2,2,2,2,12,25,32,45,45,114,151,198,257,374,430,589,1024,1639,2140,2965,4231,5753,7753,9191,11178,13716,17147,19980,24926,28572,33089,39673,47610,56188,64059,72248,78797,85195,94417,102136,110238,117710,124736,130759,135032,140510,140510
LK,Sri Lanka,1,1,1,1,1,1,1,1,1,1,1,1,1,1,1,1,1,1,1,1,1,1,1,1,1,2,3,6,11,19,29,42,53,59,59,72,82,97,102,102,106,106,106,120,120,143,143,148,151,159,176,176,186,186
SD,Sudan,0,0,0,0,0,0,0,0,0,0,0,0,0,0,0,0,0,0,0,0,0,0,0,0,0,0,0,1,1,1,1,1,1,1,1,2,2,2,3,3,3,3,5,6,6,7,7,8,10,10,12,14,14,14
SR,Suriname,0,0,0,0,0,0,0,0,0,0,0,0,0,0,0,0,0,0,0,0,0,0,0,0,0,0,0,0,0,1,1,1,1,1,2,2,2,2,6,7,7,8,8,8,8,8,8,8,10,10,10,10,10,10
SE,Sweden,1,1,1,1,1,1,1,1,1,1,1,2,7,12,13,14,15,24,35,61,137,161,203,248,326,461,620,775,924,992,1059,1167,1279,1423,1623,1746,1906,2016,2272,2510,2806,3046,3447,3700,4028,4435,4947,5466,6078,6443,6830,7206,7693,7693
CH,Switzerland,0,0,0,0,0,0,0,0,0,0,1,1,6,10,18,24,30,37,57,86,209,264,332,332,491,645,858,1125,1359,2200,2200,2650,3010,3863,4840,6077,6971,8015,8789,9714,10714,12104,13152,14274,15412,16108,17070,18844,19706,20489,21065,21574,22164,22164
SY,Syrian Arab Republic,0,0,0,0,0,0,0,0,0,0,0,0,0,0,0,0,0,0,0,0,0,0,0,0,0,0,0,0,0,0,0,0,0,0,0,0,1,1,1,5,5,5,5,9,10,10,10,16,16,16,19,19,19,19
TH,Thailand,34,35,35,35,35,35,35,35,35,37,40,40,40,42,42,42,43,43,47,47,48,50,50,53,59,70,75,75,75,114,147,212,272,322,322,411,721,827,934,934,1136,1136,1388,1524,1524,1771,1771,1875,1978,2067,2169,2220,2369,2369
GB,The United Kingdom,9,9,9,9,9,9,9,9,13,13,13,13,16,20,23,36,39,51,89,118,167,210,277,323,373,460,594,802,1144,1395,1547,1954,2630,3277,3983,5018,5687,6654,8081,9533,11662,14547,17093,19526,22145,25154,29478,33722,38172,41907,47810,51612,55246,55246
TL,Timor-Leste,0,0,0,0,0,0,0,0,0,0,0,0,0,0,0,0,0,0,0,0,0,0,0,0,0,0,0,0,0,0,0,0,0,0,1,1,1,1,1,1,1,1,1,1,1,1,1,1,1,1,1,1,1,1
TG,Togo,0,0,0,0,0,0,0,0,0,0,0,0,0,0,0,0,0,0,0,0,1,1,1,1,1,1,1,1,1,1,1,1,1,9,9,15,16,18,20,23,24,25,28,28,34,34,36,39,39,40,44,44,58,58
TT,Trinidad and Tobago,0,0,0,0,0,0,0,0,0,0,0,0,0,0,0,0,0,0,0,0,0,0,0,0,0,0,0,1,1,2,5,5,7,9,9,9,50,51,57,60,61,66,74,76,82,85,89,90,97,100,103,105,106,106
TN,Tunisia,0,0,0,0,0,0,0,0,0,0,0,0,0,0,0,0,1,1,1,1,1,1,2,2,6,6,7,16,16,18,20,24,29,39,54,60,75,89,114,173,197,227,278,312,362,394,423,455,495,553,574,596,623,623
TR,Turkey,0,0,0,0,0,0,0,0,0,0,0,0,0,0,0,0,0,0,0,0,0,0,0,0,0,1,1,5,5,5,47,98,191,191,670,947,1236,1529,1872,2433,3629,5698,7402,9271,10827,13531,15679,18135,20921,23934,27069,30217,34109,34109
TC,Turks and Caicos Islands,0,0,0,0,0,0,0,0,0,0,0,0,0,0,0,0,0,0,0,0,0,0,0,0,0,0,0,0,0,0,0,0,0,0,0,0,0,1,1,1,2,2,2,4,5,5,5,5,5,5,5,5,8,8
UG,Uganda,0,0,0,0,0,0,0,0,0,0,0,0,0,0,0,0,0,0,0,0,0,0,0,0,0,0,0,0,0,0,0,0,0,0,0,1,1,9,9,14,14,14,14,33,33,33,44,44,45,48,48,52,52,52
UA,Ukraine,0,0,0,0,0,0,0,0,0,0,0,0,0,0,0,0,0,1,1,1,1,1,1,1,1,1,3,3,3,3,7,14,16,16,26,47,47,84,113,156,218,311,418,480,549,669,804,987,1096,1251,1319,1462,1668,1668
AE,United Arab Emirates,8,9,9,9,9,9,11,13,13,13,13,13,19,19,19,21,21,27,27,27,45,45,45,59,74,74,85,85,85,98,98,113,113,140,140,153,153,198,248,333,333,405,468,570,611,664,814,1024,1264,1505,1799,2076,2359,2659
TZ,United Republic of Tanzania,0,0,0,0,0,0,0,0,0,0,0,0,0,0,0,0,0,0,0,0,0,0,0,0,0,0,0,0,0,0,1,1,3,6,6,6,12,12,12,13,13,13,14,14,19,19,20,20,20,20,22,24,24,24
US,United States of America,15,15,15,15,15,15,35,35,35,53,53,59,59,62,62,62,64,108,129,148,213,213,213,472,696,987,1264,1678,1678,1714,3536,4356,7087,10442,15219,15219,31573,42164,51914,63570,68334,85228,103321,122653,140640,163199,187302,213600,241703,273808,307318,333811,363321,363321
VI,United States Virgin Islands,0,0,0,0,0,0,0,0,0,0,0,0,0,0,0,0,0,0,0,0,0,0,0,0,0,0,0,1,1,1,2,2,3,3,3,6,6,17,17,17,17,17,17,22,30,30,30,33,37,40,42,43,43,43
UY,Uruguay,0,0,0,0,0,0,0,0,0,0,0,0,0,0,0,0,0,0,0,0,0,0,0,0,0,0,0,0,0,4,6,29,79,79,94,94,135,162,162,217,217,238,274,303,309,320,338,350,369,386,400,406,415,415
UZ,Uzbekistan,0,0,0,0,0,0,0,0,0,0,0,0,0,0,0,0,0,0,0,0,0,0,0,0,0,0,0,0,0,4,4,16,16,21,33,33,46,46,50,65,83,104,133,145,149,173,190,221,241,298,390,472,534,534
VE,Venezuela ,0,0,0,0,0,0,0,0,0,0,0,0,0,0,0,0,0,0,0,0,0,0,0,0,0,0,0,2,2,17,33,36,36,36,36,36,70,70,77,91,91,106,113,113,129,129,143,144,144,144,144,159,165,165
VN,Viet Nam,16,16,16,16,16,16,16,16,16,16,16,16,16,16,16,16,16,16,16,16,17,21,30,31,35,39,39,48,53,57,61,66,76,85,91,94,113,123,134,141,153,169,179,188,203,207,222,233,239,240,241,245,249,251
ZM,Zambia,0,0,0,0,0,0,0,0,0,0,0,0,0,0,0,0,0,0,0,0,0,0,0,0,0,0,0,0,0,0,0,0,2,2,2,2,3,3,3,3,3,13,16,16,35,35,36,39,39,39,39,39,39,39
ZW,Zimbabwe,0,0,0,0,0,0,0,0,0,0,0,0,0,0,0,0,0,0,0,0,0,0,0,0,0,0,0,0,0,0,0,0,0,0,1,2,2,2,2,2,3,5,5,5,5,8,8,8,9,9,9,9,11,11
